{
"lengthUnit": "mil",
"components": {
	"fields": ["COMPONENT_NO", "COMPONENT_NAME", "LAYER", "X_COORDINATE", "Y_COORDINATE", "ANGLE"],
	"rows": [
		[1, "BATTERY", "T", 1968.5, 1417.32, 180],
		[2, "BUZZER", "T", 1215, 3845, 0],
		[3, "C1", "T", 612.03, 2482.03, 0],
		[4, "C2", "T", 2400, 3425, 225],
		[5, "C3", "T", 2035, 3840, 225],
		[6, "C7", "T", 2255, 3190, 225],
		[7, "C8", "T", 2280, 3380, 135],
		[8, "C9", "T", 1150, 2815, 90],
		[9, "C10", "T", 1050, 2805, 270],
		[10, "C11", "T", 1437.08, 2412.08, 90],
		[11, "C12", "T", 1327.08, 2407.08, 270],
		[12, "C17", "T", 2255, 2660, 0],
		[13, "C18", "T", 2250, 2550, 180],
		[14, "C19", "T", 2265, 5105, 0],
		[15, "C20", "T", 2253.47, 4949.98, 0],
		[16, "C21", "T", 395, 2715, 270],
		[17, "C22", "T", 495, 2650, 270],
		[18, "C25", "T", 612.03, 2347.03, 0],
		[19, "C26", "T", 760, 2490, 270],
		[20, "C27", "T", 3815, 5215, 270],
		[21, "C28", "T", 2085, 2955, 0],
		[22, "C30", "T", 1290, 3060, 90],
		[23, "C31", "T", 2820, 5120, 90],
		[24, "C32", "T", 2925, 3540, 180],
		[25, "C33", "T", 1715, 3535, 90],
		[26, "C34", "T", 3395, 5490, 90],
		[27, "COMM%0AGPIO", "T", 125, 4940, 90],
		[28, "GND", "T", 2515.73, 2303.61, 0],
		[29, "H3", "T", 236.22, 2165.35, 90],
		[30, "H4", "T", 3700.79, 2165.35, 90],
		[31, "H11", "T", 585, 3089.21, 180],
		[32, "H17", "T", 580, 3414.21, 180],
		[33, "HC-SR04", "T", 1574.8, 5511.81, 180],
		[34, "HC-SR04N1", "T", 65, 3050, 90],
		[35, "LED_BRAKE", "T", 157.48, 157.48, 0],
		[36, "LED_BRAKE", "T", 1968.5, 157.48, 0],
		[37, "LED_BRAKEN1", "T", 3779.53, 157.48, 0],
		[38, "LED_FRONT", "T", 787.4, 5511.81, 0],
		[39, "LED_FRONTN1", "T", 3149.61, 5511.81, 0],
		[40, "LED_STATE", "T", 2874.02, 4133.86, 0],
		[41, "LED_STATEN1", "T", 1062.99, 4133.86, 0],
		[42, "MOT_FL", "T", 78.74, 5511.81, 270],
		[43, "MOT_FR", "T", 3858.27, 5511.81, 270],
		[44, "nrf24l01", "T", 3405, 5270, 180],
		[45, "ON", "T", 1968.5, 433.07, 180],
		[46, "Q2", "T", 3575, 1545, 270],
		[47, "Q3", "T", 3813.27, 984.25, 0],
		[48, "Q4", "T", 345, 430, 0],
		[49, "Q5", "T", 920, 5275, 270],
		[50, "Q6", "T", 2830, 3965, 0],
		[51, "R8", "T", 3775, 1260, 180],
		[52, "R9", "T", 3820, 835, 0],
		[53, "R10", "T", 355, 330, 0],
		[54, "R14", "T", 885, 5135, 90],
		[55, "R18", "T", 1555, 205, 0],
		[56, "R19", "T", 1190, 5300, 90],
		[57, "R21", "T", 2335.68, 3640, 180],
		[58, "R23", "T", 2830, 3865, 0],
		[59, "R24", "T", 2855, 4380, 270],
		[60, "R25", "T", 790, 2390, 180],
		[61, "R27", "T", 2350, 3270, 45],
		[62, "R28", "T", 1650, 3210, 45],
		[63, "R29", "T", 2335, 3705, 180],
		[64, "R30", "T", 2345, 3470, 45],
		[65, "R31", "T", 860, 2460, 0],
		[66, "RST", "T", 2370, 3070, 90],
		[67, "Servo_1", "T", 2362.2, 5511.81, 0],
		[68, "Servo_2", "T", 65, 2625, 270],
		[69, "ST-LINK", "T", 65, 3670, 90],
		[70, "U2", "T", 1968.5, 3543.31, 45],
		[71, "U6", "T", 1425, 2675, 180],
		[72, "U8", "T", 1968.5, 2559.06, 0],
		[73, "U9", "T", 1968.5, 5118.11, 180],
		[74, "U10", "T", 737.06, 2666.88, 270],
		[75, "U11", "T", 405, 2425, 90],
		[76, "USB1", "T", 2760, 2920, 180],
		[77, "USR_BTN", "T", 1485, 435, 90],
		[78, "VBAT+", "T", 3002.3, 2303.61, 0],
		[79, "X1", "T", 2195, 3295, 45],
		[80, "PAD1", "T", 2235, 5385, 0],
		[81, "PAD2", "B", 1630, 5250, 0],
		[82, "PAD3", "B", 1560, 5162.78, 0],
		[83, "PAD4", "T", 253.85, 3188.85, 0],
		[84, "PAD5", "B", 1895, 4665, 0],
		[85, "PAD6", "B", 1845, 4433.89, 0],
		[86, "PAD7", "B", 1965, 4750, 0],
		[87, "PAD8", "B", 2110, 4620, 0],
		[88, "PAD9", "B", 2058.07, 4170.39, 0],
		[89, "PAD10", "T", 1675, 2815, 0],
		[90, "PAD11", "T", 1920.24, 2840.87, 0],
		[91, "PAD12", "T", 1755, 2731.63, 0],
		[92, "PAD13", "B", 1765, 3206.11, 0],
		[93, "PAD14", "B", 1925, 2806.11, 0],
		[94, "PAD15", "B", 1930, 2896.11, 0],
		[95, "PAD16", "T", 2205, 3541.11, 0],
		[96, "PAD17", "T", 2415, 3731.11, 0]
	]
},
"pins": {
	"fields": ["PIN_NO", "PIN_NAME", "PIN_X", "PIN_Y", "LAYER", "PIN_TYPE", "NET_NAME", "NET_TYPE", "PAD_SHAPE", "PAD_SIZEX", "PAD_SIZEY", "HOLE_SIZE", "PAD_ANGLE"],
	"rows": [
		[1, "BATTERY_1", 3576.96, 1041.34, "T", "SMD", "$1N2416", "", "R", 209.45, 289.37, 0, 180],
		[2, "BATTERY_2", 360.04, 1041.34, "T", "SMD", "GND", "GND", "R", 209.45, 289.37, 0, 180],
		[3, "BATTERY_3", 3576.96, 1793.31, "T", "SMD", "$1N2227", "", "R", 209.45, 289.37, 0, 180],
		[4, "BATTERY_4", 360.04, 1793.31, "T", "SMD", "$1N3343", "", "R", 209.45, 289.37, 0, 180],
		[5, "BUZZER_1", 1116.58, 3845, "T", "DIP", "S2PWM", "", "C", 70.87, 70.87, 39.37, 0],
		[6, "BUZZER_1", 1116.58, 3845, "B", "DIP", "S2PWM", "", "C", 70.87, 70.87, 39.37, 0],
		[7, "BUZZER_2", 1313.42, 3845, "T", "DIP", "GND", "GND", "C", 70.87, 70.87, 39.37, 0],
		[8, "BUZZER_2", 1313.42, 3845, "B", "DIP", "GND", "GND", "C", 70.87, 70.87, 39.37, 0],
		[9, "C1_1", 541.22, 2482.03, "T", "SMD", "+5V", "", "R", 74.8, 93.54, 0, 0],
		[10, "C1_2", 682.84, 2482.03, "T", "SMD", "GND", "GND", "R", 74.8, 93.54, 0, 0],
		[11, "C2_1", 2427.84, 3452.84, "T", "SMD", "GND", "GND", "R", 55.51, 53.15, 0, 225],
		[12, "C2_2", 2372.16, 3397.16, "T", "SMD", "$1N562", "", "R", 55.51, 53.15, 0, 225],
		[13, "C3_1", 2062.84, 3867.84, "T", "SMD", "GND", "GND", "R", 55.51, 53.15, 0, 225],
		[14, "C3_2", 2007.16, 3812.16, "T", "SMD", "VCC", "", "R", 55.51, 53.15, 0, 225],
		[15, "C7_1", 2274.49, 3209.49, "T", "SMD", "GND", "GND", "R", 31.5, 35.43, 0, 225],
		[16, "C7_2", 2235.51, 3170.51, "T", "SMD", "OSCIN", "", "R", 31.5, 35.43, 0, 225],
		[17, "C8_1", 2299.49, 3360.51, "T", "SMD", "GND", "GND", "R", 31.5, 35.43, 0, 135],
		[18, "C8_2", 2260.51, 3399.49, "T", "SMD", "OSCOUT", "", "R", 31.5, 35.43, 0, 135],
		[19, "C9_1", 1150, 2744.19, "T", "SMD", "VBAT+", "", "R", 74.8, 93.54, 0, 90],
		[20, "C9_2", 1150, 2885.81, "T", "SMD", "GND", "GND", "R", 74.8, 93.54, 0, 90],
		[21, "C10_1", 1050, 2844.37, "T", "SMD", "GND", "GND", "R", 55.51, 53.15, 0, 270],
		[22, "C10_2", 1050, 2765.63, "T", "SMD", "VBAT+", "", "R", 55.51, 53.15, 0, 270],
		[23, "C11_1", 1437.08, 2372.71, "T", "SMD", "GND", "GND", "R", 55.51, 53.15, 0, 90],
		[24, "C11_2", 1437.08, 2451.45, "T", "SMD", "VCC", "", "R", 55.51, 53.15, 0, 90],
		[25, "C12_1", 1327.08, 2477.89, "T", "SMD", "VCC", "", "R", 74.8, 93.54, 0, 270],
		[26, "C12_2", 1327.08, 2336.27, "T", "SMD", "GND", "GND", "R", 74.8, 93.54, 0, 270],
		[27, "C17_1", 2184.19, 2660, "T", "SMD", "+5V", "", "R", 74.8, 93.54, 0, 0],
		[28, "C17_2", 2325.81, 2660, "T", "SMD", "GND", "GND", "R", 74.8, 93.54, 0, 0],
		[29, "C18_1", 2289.37, 2550, "T", "SMD", "GND", "GND", "R", 55.51, 53.15, 0, 180],
		[30, "C18_2", 2210.63, 2550, "T", "SMD", "+5V", "", "R", 55.51, 53.15, 0, 180],
		[31, "C19_1", 2194.19, 5105, "T", "SMD", "+5V", "", "R", 74.8, 93.54, 0, 0],
		[32, "C19_2", 2335.81, 5105, "T", "SMD", "GND", "GND", "R", 74.8, 93.54, 0, 0],
		[33, "C20_1", 2214.1, 4949.98, "T", "SMD", "GND", "GND", "R", 55.51, 53.15, 0, 0],
		[34, "C20_2", 2292.84, 4949.98, "T", "SMD", "+5V", "", "R", 55.51, 53.15, 0, 0],
		[35, "C21_1", 395, 2785.81, "T", "SMD", "VBAT+", "", "R", 74.8, 93.54, 0, 270],
		[36, "C21_2", 395, 2644.19, "T", "SMD", "GND", "GND", "R", 74.8, 93.54, 0, 270],
		[37, "C22_1", 495, 2689.37, "T", "SMD", "$1N12792", "", "R", 55.51, 53.15, 0, 270],
		[38, "C22_2", 495, 2610.63, "T", "SMD", "$1N12807", "", "R", 55.51, 53.15, 0, 270],
		[39, "C25_1", 541.22, 2347.03, "T", "SMD", "+5V", "", "R", 74.8, 93.54, 0, 0],
		[40, "C25_2", 682.84, 2347.03, "T", "SMD", "GND", "GND", "R", 74.8, 93.54, 0, 0],
		[41, "C26_1", 760, 2517.56, "T", "SMD", "$1N14747", "", "R", 31.5, 35.43, 0, 270],
		[42, "C26_2", 760, 2462.44, "T", "SMD", "+5V", "", "R", 31.5, 35.43, 0, 270],
		[43, "C27_1", 3815, 5285.81, "T", "SMD", "VCC", "", "R", 74.8, 93.54, 0, 270],
		[44, "C27_2", 3815, 5144.19, "T", "SMD", "GND", "GND", "R", 74.8, 93.54, 0, 270],
		[45, "C28_1", 2016.1, 2955, "T", "DIP", "+5V", "", "C", 62.99, 62.99, 39.37, 90],
		[46, "C28_1", 2016.1, 2955, "B", "DIP", "+5V", "", "C", 62.99, 62.99, 39.37, 90],
		[47, "C28_2", 2153.9, 2955, "T", "DIP", "GND", "GND", "C", 62.99, 62.99, 39.37, 90],
		[48, "C28_2", 2153.9, 2955, "B", "DIP", "GND", "GND", "C", 62.99, 62.99, 39.37, 90],
		[49, "C30_1", 1290, 2991.1, "T", "DIP", "+5V", "", "C", 62.99, 62.99, 39.37, 180],
		[50, "C30_1", 1290, 2991.1, "B", "DIP", "+5V", "", "C", 62.99, 62.99, 39.37, 180],
		[51, "C30_2", 1290, 3128.9, "T", "DIP", "GND", "GND", "C", 62.99, 62.99, 39.37, 180],
		[52, "C30_2", 1290, 3128.9, "B", "DIP", "GND", "GND", "C", 62.99, 62.99, 39.37, 180],
		[53, "C31_1", 2820, 5051.1, "T", "DIP", "+5V", "", "C", 62.99, 62.99, 39.37, 180],
		[54, "C31_1", 2820, 5051.1, "B", "DIP", "+5V", "", "C", 62.99, 62.99, 39.37, 180],
		[55, "C31_2", 2820, 5188.9, "T", "DIP", "C31_2", "", "C", 62.99, 62.99, 39.37, 180],
		[56, "C31_2", 2820, 5188.9, "B", "DIP", "C31_2", "", "C", 62.99, 62.99, 39.37, 180],
		[57, "C32_1", 2993.9, 3540, "T", "DIP", "+5V", "", "C", 62.99, 62.99, 39.37, 270],
		[58, "C32_1", 2993.9, 3540, "B", "DIP", "+5V", "", "C", 62.99, 62.99, 39.37, 270],
		[59, "C32_2", 2856.1, 3540, "T", "DIP", "GND", "GND", "C", 62.99, 62.99, 39.37, 270],
		[60, "C32_2", 2856.1, 3540, "B", "DIP", "GND", "GND", "C", 62.99, 62.99, 39.37, 270],
		[61, "C33_1", 1715, 3495.63, "T", "SMD", "GND", "GND", "R", 55.51, 53.15, 0, 90],
		[62, "C33_2", 1715, 3574.37, "T", "SMD", "VCC", "", "R", 55.51, 53.15, 0, 90],
		[63, "C34_1", 3395, 5450.63, "T", "SMD", "VCC", "", "R", 55.51, 53.15, 0, 90],
		[64, "C34_2", 3395, 5529.37, "T", "SMD", "GND", "GND", "R", 55.51, 53.15, 0, 90],
		[65, "COMM%250AGPIO_1", 175, 4540, "T", "DIP", "+5V", "", "R", 66.93, 66.93, 43.31, 90],
		[66, "COMM%250AGPIO_1", 175, 4540, "B", "DIP", "+5V", "", "R", 66.93, 66.93, 43.31, 90],
		[67, "COMM%250AGPIO_2", 75, 4540, "T", "DIP", "VCC", "", "C", 66.93, 66.93, 43.31, 90],
		[68, "COMM%250AGPIO_2", 75, 4540, "B", "DIP", "VCC", "", "C", 66.93, 66.93, 43.31, 90],
		[69, "COMM%250AGPIO_3", 175, 4640, "T", "DIP", "M3PWM", "", "C", 66.93, 66.93, 43.31, 90],
		[70, "COMM%250AGPIO_3", 175, 4640, "B", "DIP", "M3PWM", "", "C", 66.93, 66.93, 43.31, 90],
		[71, "COMM%250AGPIO_4", 75, 4640, "T", "DIP", "M4IN2", "", "C", 66.93, 66.93, 43.31, 90],
		[72, "COMM%250AGPIO_4", 75, 4640, "B", "DIP", "M4IN2", "", "C", 66.93, 66.93, 43.31, 90],
		[73, "COMM%250AGPIO_5", 175, 4740, "T", "DIP", "M3IN2", "", "C", 66.93, 66.93, 43.31, 90],
		[74, "COMM%250AGPIO_5", 175, 4740, "B", "DIP", "M3IN2", "", "C", 66.93, 66.93, 43.31, 90],
		[75, "COMM%250AGPIO_6", 75, 4740, "T", "DIP", "M4IN1", "", "C", 66.93, 66.93, 43.31, 90],
		[76, "COMM%250AGPIO_6", 75, 4740, "B", "DIP", "M4IN1", "", "C", 66.93, 66.93, 43.31, 90],
		[77, "COMM%250AGPIO_7", 175, 4840, "T", "DIP", "M3IN1", "", "C", 66.93, 66.93, 43.31, 90],
		[78, "COMM%250AGPIO_7", 175, 4840, "B", "DIP", "M3IN1", "", "C", 66.93, 66.93, 43.31, 90],
		[79, "COMM%250AGPIO_8", 75, 4840, "T", "DIP", "BTN", "", "C", 66.93, 66.93, 43.31, 90],
		[80, "COMM%250AGPIO_8", 75, 4840, "B", "DIP", "BTN", "", "C", 66.93, 66.93, 43.31, 90],
		[81, "COMM%250AGPIO_9", 175, 4940, "T", "DIP", "M4PWM", "", "C", 66.93, 66.93, 43.31, 90],
		[82, "COMM%250AGPIO_9", 175, 4940, "B", "DIP", "M4PWM", "", "C", 66.93, 66.93, 43.31, 90],
		[83, "COMM%250AGPIO_10", 75, 4940, "T", "DIP", "S2PWM", "", "C", 66.93, 66.93, 43.31, 90],
		[84, "COMM%250AGPIO_10", 75, 4940, "B", "DIP", "S2PWM", "", "C", 66.93, 66.93, 43.31, 90],
		[85, "COMM%250AGPIO_11", 175, 5040, "T", "DIP", "BTSTATE", "", "C", 66.93, 66.93, 43.31, 90],
		[86, "COMM%250AGPIO_11", 175, 5040, "B", "DIP", "BTSTATE", "", "C", 66.93, 66.93, 43.31, 90],
		[87, "COMM%250AGPIO_12", 75, 5040, "T", "DIP", "PIO1", "", "C", 66.93, 66.93, 43.31, 90],
		[88, "COMM%250AGPIO_12", 75, 5040, "B", "DIP", "PIO1", "", "C", 66.93, 66.93, 43.31, 90],
		[89, "COMM%250AGPIO_13", 175, 5140, "T", "DIP", "BTEN", "", "C", 66.93, 66.93, 43.31, 90],
		[90, "COMM%250AGPIO_13", 175, 5140, "B", "DIP", "BTEN", "", "C", 66.93, 66.93, 43.31, 90],
		[91, "COMM%250AGPIO_14", 75, 5140, "T", "DIP", "PIO3", "", "C", 66.93, 66.93, 43.31, 90],
		[92, "COMM%250AGPIO_14", 75, 5140, "B", "DIP", "PIO3", "", "C", 66.93, 66.93, 43.31, 90],
		[93, "COMM%250AGPIO_15", 175, 5240, "T", "DIP", "PIO2", "", "C", 66.93, 66.93, 43.31, 90],
		[94, "COMM%250AGPIO_15", 175, 5240, "B", "DIP", "PIO2", "", "C", 66.93, 66.93, 43.31, 90],
		[95, "COMM%250AGPIO_16", 75, 5240, "T", "DIP", "GND", "GND", "C", 66.93, 66.93, 43.31, 90],
		[96, "COMM%250AGPIO_16", 75, 5240, "B", "DIP", "GND", "GND", "C", 66.93, 66.93, 43.31, 90],
		[97, "COMM%250AGPIO_17", 175, 5340, "T", "DIP", "GND", "GND", "C", 66.93, 66.93, 43.31, 90],
		[98, "COMM%250AGPIO_17", 175, 5340, "B", "DIP", "GND", "GND", "C", 66.93, 66.93, 43.31, 90],
		[99, "COMM%250AGPIO_18", 75, 5340, "T", "DIP", "GND", "GND", "C", 66.93, 66.93, 43.31, 90],
		[100, "COMM%250AGPIO_18", 75, 5340, "B", "DIP", "GND", "GND", "C", 66.93, 66.93, 43.31, 90],
		[101, "GND_1", 2515.73, 2303.61, "T", "DIP", "GND", "GND", "R", 55.12, 55.12, 35.43, 0],
		[102, "GND_1", 2515.73, 2303.61, "B", "DIP", "GND", "GND", "R", 55.12, 55.12, 35.43, 0],
		[103, "H3_1", 236.22, 2115.35, "T", "DIP", "$1N3888", "", "R", 70.87, 70.87, 39.37, 90],
		[104, "H3_1", 236.22, 2115.35, "B", "DIP", "$1N3888", "", "R", 70.87, 70.87, 39.37, 90],
		[105, "H3_2", 236.22, 2215.35, "T", "DIP", "$1N3721", "", "C", 70.87, 70.87, 39.37, 90],
		[106, "H3_2", 236.22, 2215.35, "B", "DIP", "$1N3721", "", "C", 70.87, 70.87, 39.37, 90],
		[107, "H4_1", 3700.79, 2115.35, "T", "DIP", "$1N18746", "", "R", 70.87, 70.87, 39.37, 90],
		[108, "H4_1", 3700.79, 2115.35, "B", "DIP", "$1N18746", "", "R", 70.87, 70.87, 39.37, 90],
		[109, "H4_2", 3700.79, 2215.35, "T", "DIP", "$1N18729", "", "C", 70.87, 70.87, 39.37, 90],
		[110, "H4_2", 3700.79, 2215.35, "B", "DIP", "$1N18729", "", "C", 70.87, 70.87, 39.37, 90],
		[111, "H11_1", 835, 3089.21, "T", "DIP", "BTSTATE", "", "R", 70.87, 70.87, 40.16, 180],
		[112, "H11_1", 835, 3089.21, "B", "DIP", "BTSTATE", "", "R", 70.87, 70.87, 40.16, 180],
		[113, "H11_2", 735, 3089.21, "T", "DIP", "BTRX", "", "C", 62.99, 62.99, 40.16, 180],
		[114, "H11_2", 735, 3089.21, "B", "DIP", "BTRX", "", "C", 62.99, 62.99, 40.16, 180],
		[115, "H11_3", 635, 3089.21, "T", "DIP", "BTTX", "", "C", 62.99, 62.99, 40.16, 180],
		[116, "H11_3", 635, 3089.21, "B", "DIP", "BTTX", "", "C", 62.99, 62.99, 40.16, 180],
		[117, "H11_4", 535, 3089.21, "T", "DIP", "GND", "GND", "C", 62.99, 62.99, 40.16, 180],
		[118, "H11_4", 535, 3089.21, "B", "DIP", "GND", "GND", "C", 62.99, 62.99, 40.16, 180],
		[119, "H11_5", 435, 3089.21, "T", "DIP", "+5V", "", "C", 62.99, 62.99, 40.16, 180],
		[120, "H11_5", 435, 3089.21, "B", "DIP", "+5V", "", "C", 62.99, 62.99, 40.16, 180],
		[121, "H11_6", 335, 3089.21, "T", "DIP", "BTEN", "", "C", 62.99, 62.99, 40.16, 180],
		[122, "H11_6", 335, 3089.21, "B", "DIP", "BTEN", "", "C", 62.99, 62.99, 40.16, 180],
		[123, "H17_1", 780, 3414.21, "T", "DIP", "BTSTATE", "", "R", 62, 62, 40.16, 180],
		[124, "H17_1", 780, 3414.21, "B", "DIP", "BTSTATE", "", "R", 62, 62, 40.16, 180],
		[125, "H17_2", 680, 3414.21, "T", "DIP", "VCC", "", "C", 62, 62, 40.16, 180],
		[126, "H17_2", 680, 3414.21, "B", "DIP", "VCC", "", "C", 62, 62, 40.16, 180],
		[127, "H17_3", 580, 3414.21, "T", "DIP", "GND", "GND", "C", 62, 62, 40.16, 180],
		[128, "H17_3", 580, 3414.21, "B", "DIP", "GND", "GND", "C", 62, 62, 40.16, 180],
		[129, "H17_4", 480, 3414.21, "T", "DIP", "BTTX", "", "C", 62, 62, 40.16, 180],
		[130, "H17_4", 480, 3414.21, "B", "DIP", "BTTX", "", "C", 62, 62, 40.16, 180],
		[131, "H17_5", 380, 3414.21, "T", "DIP", "BTRX", "", "C", 62, 62, 40.16, 180],
		[132, "H17_5", 380, 3414.21, "B", "DIP", "BTRX", "", "C", 62, 62, 40.16, 180],
		[133, "HC-SR04_1", 1724.8, 5511.81, "T", "DIP", "+5V", "", "R", 66.93, 66.93, 43.31, 180],
		[134, "HC-SR04_1", 1724.8, 5511.81, "B", "DIP", "+5V", "", "R", 66.93, 66.93, 43.31, 180],
		[135, "HC-SR04_2", 1624.8, 5511.81, "T", "DIP", "PS1TRIG", "", "C", 66.93, 66.93, 43.31, 180],
		[136, "HC-SR04_2", 1624.8, 5511.81, "B", "DIP", "PS1TRIG", "", "C", 66.93, 66.93, 43.31, 180],
		[137, "HC-SR04_3", 1524.8, 5511.81, "T", "DIP", "PS1ECHO", "", "C", 66.93, 66.93, 43.31, 180],
		[138, "HC-SR04_3", 1524.8, 5511.81, "B", "DIP", "PS1ECHO", "", "C", 66.93, 66.93, 43.31, 180],
		[139, "HC-SR04_4", 1424.8, 5511.81, "T", "DIP", "GND", "GND", "C", 66.93, 66.93, 43.31, 180],
		[140, "HC-SR04_4", 1424.8, 5511.81, "B", "DIP", "GND", "GND", "C", 66.93, 66.93, 43.31, 180],
		[141, "HC-SR04N1_1", 65, 2900, "T", "DIP", "+5V", "", "R", 66.93, 66.93, 43.31, 90],
		[142, "HC-SR04N1_1", 65, 2900, "B", "DIP", "+5V", "", "R", 66.93, 66.93, 43.31, 90],
		[143, "HC-SR04N1_2", 65, 3000, "T", "DIP", "PS2TRIG", "", "C", 66.93, 66.93, 43.31, 90],
		[144, "HC-SR04N1_2", 65, 3000, "B", "DIP", "PS2TRIG", "", "C", 66.93, 66.93, 43.31, 90],
		[145, "HC-SR04N1_3", 65, 3100, "T", "DIP", "PS2ECHO", "", "C", 66.93, 66.93, 43.31, 90],
		[146, "HC-SR04N1_3", 65, 3100, "B", "DIP", "PS2ECHO", "", "C", 66.93, 66.93, 43.31, 90],
		[147, "HC-SR04N1_4", 65, 3200, "T", "DIP", "GND", "GND", "C", 66.93, 66.93, 43.31, 90],
		[148, "HC-SR04N1_4", 65, 3200, "B", "DIP", "GND", "GND", "C", 66.93, 66.93, 43.31, 90],
		[149, "LED_BRAKE_1", 107.48, 157.48, "T", "DIP", "PIO1", "", "C", 60, 60, 35.43, 0],
		[150, "LED_BRAKE_1", 107.48, 157.48, "B", "DIP", "PIO1", "", "C", 60, 60, 35.43, 0],
		[151, "LED_BRAKE_2", 207.48, 157.48, "T", "DIP", "$2N1098", "", "C", 60, 60, 35.43, 0],
		[152, "LED_BRAKE_2", 207.48, 157.48, "B", "DIP", "$2N1098", "", "C", 60, 60, 35.43, 0],
		[153, "LED_BRAKE_1", 1918.5, 157.48, "T", "DIP", "PIO1", "", "C", 60, 60, 35.43, 0],
		[154, "LED_BRAKE_1", 1918.5, 157.48, "B", "DIP", "PIO1", "", "C", 60, 60, 35.43, 0],
		[155, "LED_BRAKE_2", 2018.5, 157.48, "T", "DIP", "$2N1098", "", "C", 60, 60, 35.43, 0],
		[156, "LED_BRAKE_2", 2018.5, 157.48, "B", "DIP", "$2N1098", "", "C", 60, 60, 35.43, 0],
		[157, "LED_BRAKEN1_1", 3729.53, 157.48, "T", "DIP", "PIO1", "", "C", 60, 60, 35.43, 0],
		[158, "LED_BRAKEN1_1", 3729.53, 157.48, "B", "DIP", "PIO1", "", "C", 60, 60, 35.43, 0],
		[159, "LED_BRAKEN1_2", 3829.53, 157.48, "T", "DIP", "$2N1098", "", "C", 60, 60, 35.43, 0],
		[160, "LED_BRAKEN1_2", 3829.53, 157.48, "B", "DIP", "$2N1098", "", "C", 60, 60, 35.43, 0],
		[161, "LED_FRONT_1", 737.4, 5511.81, "T", "DIP", "$2N1083", "", "C", 60, 60, 35.43, 0],
		[162, "LED_FRONT_1", 737.4, 5511.81, "B", "DIP", "$2N1083", "", "C", 60, 60, 35.43, 0],
		[163, "LED_FRONT_2", 837.4, 5511.81, "T", "DIP", "PIO2", "", "C", 60, 60, 35.43, 0],
		[164, "LED_FRONT_2", 837.4, 5511.81, "B", "DIP", "PIO2", "", "C", 60, 60, 35.43, 0],
		[165, "LED_FRONTN1_1", 3099.61, 5511.81, "T", "DIP", "$2N1083", "", "C", 60, 60, 35.43, 0],
		[166, "LED_FRONTN1_1", 3099.61, 5511.81, "B", "DIP", "$2N1083", "", "C", 60, 60, 35.43, 0],
		[167, "LED_FRONTN1_2", 3199.61, 5511.81, "T", "DIP", "PIO2", "", "C", 60, 60, 35.43, 0],
		[168, "LED_FRONTN1_2", 3199.61, 5511.81, "B", "DIP", "PIO2", "", "C", 60, 60, 35.43, 0],
		[169, "LED_STATE_1", 2824.02, 4133.86, "T", "DIP", "$2N1079", "", "C", 60, 60, 35.43, 0],
		[170, "LED_STATE_1", 2824.02, 4133.86, "B", "DIP", "$2N1079", "", "C", 60, 60, 35.43, 0],
		[171, "LED_STATE_2", 2924.02, 4133.86, "T", "DIP", "PIO3", "", "C", 60, 60, 35.43, 0],
		[172, "LED_STATE_2", 2924.02, 4133.86, "B", "DIP", "PIO3", "", "C", 60, 60, 35.43, 0],
		[173, "LED_STATEN1_1", 1012.99, 4133.86, "T", "DIP", "$2N1079", "", "C", 60, 60, 35.43, 0],
		[174, "LED_STATEN1_1", 1012.99, 4133.86, "B", "DIP", "$2N1079", "", "C", 60, 60, 35.43, 0],
		[175, "LED_STATEN1_2", 1112.99, 4133.86, "T", "DIP", "PIO3", "", "C", 60, 60, 35.43, 0],
		[176, "LED_STATEN1_2", 1112.99, 4133.86, "B", "DIP", "PIO3", "", "C", 60, 60, 35.43, 0],
		[177, "MOT_FL_1", 78.74, 5561.81, "T", "DIP", "$1N18675", "", "R", 70.87, 70.87, 39.37, 270],
		[178, "MOT_FL_1", 78.74, 5561.81, "B", "DIP", "$1N18675", "", "R", 70.87, 70.87, 39.37, 270],
		[179, "MOT_FL_2", 78.74, 5461.81, "T", "DIP", "$1N18693", "", "C", 70.87, 70.87, 39.37, 270],
		[180, "MOT_FL_2", 78.74, 5461.81, "B", "DIP", "$1N18693", "", "C", 70.87, 70.87, 39.37, 270],
		[181, "MOT_FR_1", 3858.27, 5561.81, "T", "DIP", "$1N4451", "", "R", 70.87, 70.87, 39.37, 270],
		[182, "MOT_FR_1", 3858.27, 5561.81, "B", "DIP", "$1N4451", "", "R", 70.87, 70.87, 39.37, 270],
		[183, "MOT_FR_2", 3858.27, 5461.81, "T", "DIP", "$1N4434", "", "C", 70.87, 70.87, 39.37, 270],
		[184, "MOT_FR_2", 3858.27, 5461.81, "B", "DIP", "$1N4434", "", "C", 70.87, 70.87, 39.37, 270],
		[185, "nrf24l01_1", 3555, 5320, "T", "DIP", "GND", "GND", "R", 62.99, 62.99, 43.31, 180],
		[186, "nrf24l01_1", 3555, 5320, "B", "DIP", "GND", "GND", "R", 62.99, 62.99, 43.31, 180],
		[187, "nrf24l01_2", 3555, 5220, "T", "DIP", "VCC", "", "C", 62.99, 62.99, 43.31, 180],
		[188, "nrf24l01_2", 3555, 5220, "B", "DIP", "VCC", "", "C", 62.99, 62.99, 43.31, 180],
		[189, "nrf24l01_3", 3455, 5320, "T", "DIP", "VCC", "", "C", 62.99, 62.99, 43.31, 180],
		[190, "nrf24l01_3", 3455, 5320, "B", "DIP", "VCC", "", "C", 62.99, 62.99, 43.31, 180],
		[191, "nrf24l01_4", 3455, 5220, "T", "DIP", "CNS", "", "C", 62.99, 62.99, 43.31, 180],
		[192, "nrf24l01_4", 3455, 5220, "B", "DIP", "CNS", "", "C", 62.99, 62.99, 43.31, 180],
		[193, "nrf24l01_5", 3355, 5320, "T", "DIP", "SCK", "", "C", 62.99, 62.99, 43.31, 180],
		[194, "nrf24l01_5", 3355, 5320, "B", "DIP", "SCK", "", "C", 62.99, 62.99, 43.31, 180],
		[195, "nrf24l01_6", 3355, 5220, "T", "DIP", "MOSI", "", "C", 62.99, 62.99, 43.31, 180],
		[196, "nrf24l01_6", 3355, 5220, "B", "DIP", "MOSI", "", "C", 62.99, 62.99, 43.31, 180],
		[197, "nrf24l01_7", 3255, 5320, "T", "DIP", "MISO", "", "C", 62.99, 62.99, 43.31, 180],
		[198, "nrf24l01_7", 3255, 5320, "B", "DIP", "MISO", "", "C", 62.99, 62.99, 43.31, 180],
		[199, "nrf24l01_8", 3255, 5220, "T", "DIP", "IRQ", "", "C", 62.99, 62.99, 43.31, 180],
		[200, "nrf24l01_8", 3255, 5220, "B", "DIP", "IRQ", "", "C", 62.99, 62.99, 43.31, 180],
		[201, "ON_1", 2157.48, 433.07, "T", "DIP", "$1N10379", "", "O", 66.93, 114.17, 90.55, 180],
		[202, "ON_1", 2157.48, 433.07, "B", "DIP", "$1N10379", "", "O", 66.93, 114.17, 90.55, 180],
		[203, "ON_2", 1968.5, 433.07, "T", "DIP", "VBAT+", "", "O", 66.93, 114.17, 90.55, 180],
		[204, "ON_2", 1968.5, 433.07, "B", "DIP", "VBAT+", "", "O", 66.93, 114.17, 90.55, 180],
		[205, "ON_3", 1779.53, 433.07, "T", "DIP", "ON_3", "", "O", 66.93, 114.17, 90.55, 180],
		[206, "ON_3", 1779.53, 433.07, "B", "DIP", "ON_3", "", "O", 66.93, 114.17, 90.55, 180],
		[207, "Q2_1", 3537.6, 1499.72, "T", "SMD", "$1N2497", "", "R", 39.37, 31.5, 0, 90],
		[208, "Q2_2", 3612.4, 1499.72, "T", "SMD", "$1N10379", "", "R", 39.37, 31.5, 0, 90],
		[209, "Q2_3", 3575, 1590.28, "T", "SMD", "$1N2227", "", "R", 39.37, 31.5, 0, 90],
		[210, "Q3_1", 3858.54, 946.85, "T", "SMD", "$1N3339", "", "R", 39.37, 31.5, 0, 180],
		[211, "Q3_2", 3858.54, 1021.65, "T", "SMD", "$1N3343", "", "R", 39.37, 31.5, 0, 180],
		[212, "Q3_3", 3767.99, 984.25, "T", "SMD", "$1N2416", "", "R", 39.37, 31.5, 0, 180],
		[213, "Q4_1", 384.37, 392.6, "T", "SMD", "$2N1094", "", "R", 49.21, 27.56, 0, 0],
		[214, "Q4_2", 384.37, 467.4, "T", "SMD", "GND", "GND", "R", 49.21, 27.56, 0, 0],
		[215, "Q4_3", 305.63, 430, "T", "SMD", "PIO1", "", "R", 49.21, 27.56, 0, 0],
		[216, "Q5_1", 882.6, 5235.63, "T", "SMD", "$2N1081", "", "R", 49.21, 27.56, 0, 270],
		[217, "Q5_2", 957.4, 5235.63, "T", "SMD", "GND", "GND", "R", 49.21, 27.56, 0, 270],
		[218, "Q5_3", 920, 5314.37, "T", "SMD", "PIO2", "", "R", 49.21, 27.56, 0, 270],
		[219, "Q6_1", 2869.37, 3927.6, "T", "SMD", "$2N1074", "", "R", 49.21, 27.56, 0, 0],
		[220, "Q6_2", 2869.37, 4002.4, "T", "SMD", "GND", "GND", "R", 49.21, 27.56, 0, 0],
		[221, "Q6_3", 2790.63, 3965, "T", "SMD", "PIO3", "", "R", 49.21, 27.56, 0, 0],
		[222, "R8_1", 3804.66, 1260, "T", "SMD", "$1N3343", "", "R", 31.75, 34.02, 0, 180],
		[223, "R8_2", 3745.34, 1260, "T", "SMD", "$1N2497", "", "R", 31.75, 34.02, 0, 180],
		[224, "R9_1", 3790.34, 835, "T", "SMD", "GND", "GND", "R", 31.75, 34.02, 0, 0],
		[225, "R9_2", 3849.66, 835, "T", "SMD", "$1N3339", "", "R", 31.75, 34.02, 0, 0],
		[226, "R10_1", 325.34, 330, "T", "SMD", "LED_BRAKE", "", "R", 31.75, 34.02, 0, 0],
		[227, "R10_2", 384.66, 330, "T", "SMD", "$2N1094", "", "R", 31.75, 34.02, 0, 0],
		[228, "R14_1", 885, 5105.34, "T", "SMD", "LED_FRONT", "", "R", 31.75, 34.02, 0, 90],
		[229, "R14_2", 885, 5164.66, "T", "SMD", "$2N1081", "", "R", 31.75, 34.02, 0, 90],
		[230, "R18_1", 1496.78, 205, "T", "SMD", "+5V", "", "R", 47.54, 66.97, 0, 0],
		[231, "R18_2", 1613.22, 205, "T", "SMD", "$2N1098", "", "R", 47.54, 66.97, 0, 0],
		[232, "R19_1", 1190, 5241.78, "T", "SMD", "+5V", "", "R", 47.54, 66.97, 0, 90],
		[233, "R19_2", 1190, 5358.22, "T", "SMD", "$2N1083", "", "R", 47.54, 66.97, 0, 90],
		[234, "R21_1", 2365.34, 3640, "T", "SMD", "GND", "GND", "R", 31.75, 34.02, 0, 180],
		[235, "R21_2", 2306.02, 3640, "T", "SMD", "ABATT", "", "R", 31.75, 34.02, 0, 180],
		[236, "R23_1", 2800.34, 3865, "T", "SMD", "LED_SIG", "", "R", 31.75, 34.02, 0, 0],
		[237, "R23_2", 2859.66, 3865, "T", "SMD", "$2N1074", "", "R", 31.75, 34.02, 0, 0],
		[238, "R24_1", 2855, 4438.22, "T", "SMD", "+5V", "", "R", 47.54, 66.97, 0, 270],
		[239, "R24_2", 2855, 4321.78, "T", "SMD", "$2N1079", "", "R", 47.54, 66.97, 0, 270],
		[240, "R25_1", 819.66, 2390, "T", "SMD", "$1N14747", "", "R", 31.75, 34.02, 0, 180],
		[241, "R25_2", 760.34, 2390, "T", "SMD", "+5V", "", "R", 31.75, 34.02, 0, 180],
		[242, "R27_1", 2329.03, 3249.03, "T", "SMD", "$1N562", "", "R", 31.75, 34.02, 0, 45],
		[243, "R27_2", 2370.97, 3290.97, "T", "SMD", "VCC", "", "R", 31.75, 34.02, 0, 45],
		[244, "R28_1", 1629.03, 3189.03, "T", "SMD", "GND", "GND", "R", 31.75, 34.02, 0, 45],
		[245, "R28_2", 1670.97, 3230.97, "T", "SMD", "$1N523", "", "R", 31.75, 34.02, 0, 45],
		[246, "R29_1", 2364.66, 3705, "T", "SMD", "VBAT+", "", "R", 31.75, 34.02, 0, 180],
		[247, "R29_2", 2305.34, 3705, "T", "SMD", "ABATT", "", "R", 31.75, 34.02, 0, 180],
		[248, "R30_1", 2324.03, 3449.03, "T", "SMD", "BTN", "", "R", 31.75, 34.02, 0, 45],
		[249, "R30_2", 2365.97, 3490.97, "T", "SMD", "VCC", "", "R", 31.75, 34.02, 0, 45],
		[250, "R31_1", 830.34, 2460, "T", "SMD", "$1N14747", "", "R", 31.75, 34.02, 0, 0],
		[251, "R31_2", 889.66, 2460, "T", "SMD", "GND", "GND", "R", 31.75, 34.02, 0, 0],
		[252, "RST_1", 2370, 2983.98, "T", "SMD", "GND", "GND", "R", 48.42, 53.54, 0, 90],
		[253, "RST_2", 2370, 3156.02, "T", "SMD", "$1N562", "", "R", 48.42, 53.54, 0, 90],
		[254, "Servo_1_1", 2262.2, 5511.81, "T", "DIP", "S1PWM", "", "R", 66.93, 66.93, 43.31, 0],
		[255, "Servo_1_1", 2262.2, 5511.81, "B", "DIP", "S1PWM", "", "R", 66.93, 66.93, 43.31, 0],
		[256, "Servo_1_2", 2362.2, 5511.81, "T", "DIP", "+5V", "", "C", 66.93, 66.93, 43.31, 0],
		[257, "Servo_1_2", 2362.2, 5511.81, "B", "DIP", "+5V", "", "C", 66.93, 66.93, 43.31, 0],
		[258, "Servo_1_3", 2462.2, 5511.81, "T", "DIP", "GND", "GND", "C", 66.93, 66.93, 43.31, 0],
		[259, "Servo_1_3", 2462.2, 5511.81, "B", "DIP", "GND", "GND", "C", 66.93, 66.93, 43.31, 0],
		[260, "Servo_2_1", 65, 2725, "T", "DIP", "S2PWM", "", "R", 66.93, 66.93, 43.31, 270],
		[261, "Servo_2_1", 65, 2725, "B", "DIP", "S2PWM", "", "R", 66.93, 66.93, 43.31, 270],
		[262, "Servo_2_2", 65, 2625, "T", "DIP", "+5V", "", "C", 66.93, 66.93, 43.31, 270],
		[263, "Servo_2_2", 65, 2625, "B", "DIP", "+5V", "", "C", 66.93, 66.93, 43.31, 270],
		[264, "Servo_2_3", 65, 2525, "T", "DIP", "GND", "GND", "C", 66.93, 66.93, 43.31, 270],
		[265, "Servo_2_3", 65, 2525, "B", "DIP", "GND", "GND", "C", 66.93, 66.93, 43.31, 270],
		[266, "ST-LINK_1", 65, 3520, "T", "DIP", "VCC", "", "R", 66.93, 66.93, 43.31, 90],
		[267, "ST-LINK_1", 65, 3520, "B", "DIP", "VCC", "", "R", 66.93, 66.93, 43.31, 90],
		[268, "ST-LINK_2", 65, 3620, "T", "DIP", "SWDCLK", "", "C", 66.93, 66.93, 43.31, 90],
		[269, "ST-LINK_2", 65, 3620, "B", "DIP", "SWDCLK", "", "C", 66.93, 66.93, 43.31, 90],
		[270, "ST-LINK_3", 65, 3720, "T", "DIP", "SWDIO", "", "C", 66.93, 66.93, 43.31, 90],
		[271, "ST-LINK_3", 65, 3720, "B", "DIP", "SWDIO", "", "C", 66.93, 66.93, 43.31, 90],
		[272, "ST-LINK_4", 65, 3820, "T", "DIP", "GND", "GND", "C", 66.93, 66.93, 43.31, 90],
		[273, "ST-LINK_4", 65, 3820, "B", "DIP", "GND", "GND", "C", 66.93, 66.93, 43.31, 90],
		[274, "U2_1", 2010.26, 3348.44, "T", "SMD", "VBAT", "", "O", 10.63, 59.05, 0, 45],
		[275, "U2_2", 2024.18, 3362.36, "T", "SMD", "LED_FRONT", "", "O", 10.63, 59.05, 0, 45],
		[276, "U2_3", 2038.1, 3376.27, "T", "SMD", "LED_BRAKE", "", "O", 10.63, 59.05, 0, 45],
		[277, "U2_4", 2052.02, 3390.2, "T", "SMD", "LED_SIG", "", "O", 10.63, 59.05, 0, 45],
		[278, "U2_5", 2065.94, 3404.11, "T", "SMD", "OSCIN", "", "O", 10.63, 59.05, 0, 45],
		[279, "U2_6", 2079.86, 3418.04, "T", "SMD", "OSCOUT", "", "O", 10.63, 59.05, 0, 45],
		[280, "U2_7", 2093.77, 3431.95, "T", "SMD", "$1N562", "", "O", 10.63, 59.05, 0, 45],
		[281, "U2_8", 2107.7, 3445.87, "T", "SMD", "GND", "GND", "O", 10.63, 59.05, 0, 45],
		[282, "U2_9", 2121.61, 3459.79, "T", "SMD", "VCC", "", "O", 10.63, 59.05, 0, 45],
		[283, "U2_10", 2135.54, 3473.71, "T", "SMD", "BTN", "", "O", 10.63, 59.05, 0, 45],
		[284, "U2_11", 2149.45, 3487.63, "T", "SMD", "ABATT", "", "O", 10.63, 59.05, 0, 45],
		[285, "U2_12", 2163.38, 3501.55, "T", "SMD", "M3PWM", "", "O", 10.63, 59.05, 0, 45],
		[286, "U2_13", 2163.38, 3585.06, "T", "SMD", "M4PWM", "", "O", 59.05, 10.63, 0, 45],
		[287, "U2_14", 2149.45, 3598.98, "T", "SMD", "M1IN2", "", "O", 59.05, 10.63, 0, 45],
		[288, "U2_15", 2135.54, 3612.9, "T", "SMD", "SCK", "", "O", 59.05, 10.63, 0, 45],
		[289, "U2_16", 2121.61, 3626.82, "T", "SMD", "MISO", "", "O", 59.05, 10.63, 0, 45],
		[290, "U2_17", 2107.7, 3640.74, "T", "SMD", "MOSI", "", "O", 59.05, 10.63, 0, 45],
		[291, "U2_18", 2093.77, 3654.66, "T", "SMD", "IRQ", "", "O", 59.05, 10.63, 0, 45],
		[292, "U2_19", 2079.86, 3668.58, "T", "SMD", "CNS", "", "O", 59.05, 10.63, 0, 45],
		[293, "U2_20", 2065.94, 3682.5, "T", "SMD", "GND", "GND", "O", 59.05, 10.63, 0, 45],
		[294, "U2_21", 2052.02, 3696.42, "T", "SMD", "PS1TRIG", "", "O", 59.05, 10.63, 0, 45],
		[295, "U2_22", 2038.1, 3710.34, "T", "SMD", "PS2TRIG", "", "O", 59.05, 10.63, 0, 45],
		[296, "U2_23", 2024.18, 3724.26, "T", "SMD", "GND", "GND", "O", 59.05, 10.63, 0, 45],
		[297, "U2_24", 2010.26, 3738.18, "T", "SMD", "VCC", "", "O", 59.05, 10.63, 0, 45],
		[298, "U2_25", 1926.75, 3738.18, "T", "SMD", "M1IN1", "", "O", 10.63, 59.05, 0, 45],
		[299, "U2_26", 1912.83, 3724.26, "T", "SMD", "M2IN1", "", "O", 10.63, 59.05, 0, 45],
		[300, "U2_27", 1898.91, 3710.34, "T", "SMD", "M2IN2", "", "O", 10.63, 59.05, 0, 45],
		[301, "U2_28", 1884.99, 3696.42, "T", "SMD", "M3IN2", "", "O", 10.63, 59.05, 0, 45],
		[302, "U2_29", 1871.07, 3682.5, "T", "SMD", "PS1ECHO", "", "O", 10.63, 59.05, 0, 45],
		[303, "U2_30", 1857.15, 3668.58, "T", "SMD", "PS2ECHO", "", "O", 10.63, 59.05, 0, 45],
		[304, "U2_31", 1843.23, 3654.66, "T", "SMD", "M3IN1", "", "O", 10.63, 59.05, 0, 45],
		[305, "U2_32", 1829.31, 3640.74, "T", "SMD", "M4IN1", "", "O", 10.63, 59.05, 0, 45],
		[306, "U2_33", 1815.39, 3626.82, "T", "SMD", "M4IN2", "", "O", 10.63, 59.05, 0, 45],
		[307, "U2_34", 1801.47, 3612.9, "T", "SMD", "SWDIO", "", "O", 10.63, 59.05, 0, 45],
		[308, "U2_35", 1787.56, 3598.98, "T", "SMD", "GND", "GND", "O", 10.63, 59.05, 0, 45],
		[309, "U2_36", 1773.63, 3585.06, "T", "SMD", "VCC", "", "O", 10.63, 59.05, 0, 45],
		[310, "U2_37", 1773.63, 3501.55, "T", "SMD", "SWDCLK", "", "O", 59.05, 10.63, 0, 45],
		[311, "U2_38", 1787.56, 3487.63, "T", "SMD", "M1PWM", "", "O", 59.05, 10.63, 0, 45],
		[312, "U2_39", 1801.47, 3473.71, "T", "SMD", "M2PWM", "", "O", 59.05, 10.63, 0, 45],
		[313, "U2_40", 1815.39, 3459.79, "T", "SMD", "BTEN", "", "O", 59.05, 10.63, 0, 45],
		[314, "U2_41", 1829.31, 3445.87, "T", "SMD", "BTSTATE", "", "O", 59.05, 10.63, 0, 45],
		[315, "U2_42", 1843.23, 3431.95, "T", "SMD", "BTRX", "", "O", 59.05, 10.63, 0, 45],
		[316, "U2_43", 1857.15, 3418.04, "T", "SMD", "BTTX", "", "O", 59.05, 10.63, 0, 45],
		[317, "U2_44", 1871.07, 3404.11, "T", "SMD", "$1N523", "", "O", 59.05, 10.63, 0, 45],
		[318, "U2_45", 1884.99, 3390.2, "T", "SMD", "S2PWM", "", "O", 59.05, 10.63, 0, 45],
		[319, "U2_46", 1898.91, 3376.27, "T", "SMD", "S1PWM", "", "O", 59.05, 10.63, 0, 45],
		[320, "U2_47", 1912.83, 3362.36, "T", "SMD", "GND", "GND", "O", 59.05, 10.63, 0, 45],
		[321, "U2_48", 1926.75, 3348.44, "T", "SMD", "VCC", "", "O", 59.05, 10.63, 0, 45],
		[322, "U6_1", 1312.01, 2765.55, "T", "SMD", "GND", "GND", "R", 92.13, 38.58, 0, 180],
		[323, "U6_2", 1312.01, 2675, "T", "SMD", "VCC", "", "R", 92.13, 38.58, 0, 180],
		[324, "U6_3", 1312.01, 2584.45, "T", "SMD", "VBAT+", "", "R", 92.13, 38.58, 0, 180],
		[325, "U6_4", 1537.99, 2675, "T", "SMD", "U6_4", "", "R", 92.13, 141.73, 0, 180],
		[326, "U8_1", 1827.75, 2418.82, "T", "SMD", "$1N3721", "", "O", 12.13, 52.13, 0, 0],
		[327, "U8_2", 1853.34, 2418.82, "T", "SMD", "$1N3721", "", "O", 12.13, 52.13, 0, 0],
		[328, "U8_3", 1878.93, 2418.82, "T", "SMD", "GND", "GND", "O", 12.13, 52.13, 0, 0],
		[329, "U8_4", 1904.52, 2418.82, "T", "SMD", "GND", "GND", "O", 12.13, 52.13, 0, 0],
		[330, "U8_5", 1930.11, 2418.82, "T", "SMD", "$1N3888", "", "O", 12.13, 52.13, 0, 0],
		[331, "U8_6", 1955.71, 2418.82, "T", "SMD", "$1N3888", "", "O", 12.13, 52.13, 0, 0],
		[332, "U8_7", 1981.3, 2418.82, "T", "SMD", "$1N18746", "", "O", 12.13, 52.13, 0, 0],
		[333, "U8_8", 2006.89, 2418.82, "T", "SMD", "$1N18746", "", "O", 12.13, 52.13, 0, 0],
		[334, "U8_9", 2032.48, 2418.82, "T", "SMD", "GND", "GND", "O", 12.13, 52.13, 0, 0],
		[335, "U8_10", 2058.07, 2418.82, "T", "SMD", "GND", "GND", "O", 12.13, 52.13, 0, 0],
		[336, "U8_11", 2083.66, 2418.82, "T", "SMD", "$1N18729", "", "O", 12.13, 52.13, 0, 0],
		[337, "U8_12", 2109.25, 2418.82, "T", "SMD", "$1N18729", "", "O", 12.13, 52.13, 0, 0],
		[338, "U8_13", 2109.25, 2699.3, "T", "SMD", "+5V", "", "O", 12.13, 52.13, 0, 0],
		[339, "U8_14", 2083.66, 2699.3, "T", "SMD", "+5V", "", "O", 12.13, 52.13, 0, 0],
		[340, "U8_15", 2058.07, 2699.3, "T", "SMD", "M2PWM", "", "O", 12.13, 52.13, 0, 0],
		[341, "U8_16", 2032.48, 2699.3, "T", "SMD", "M2IN2", "", "O", 12.13, 52.13, 0, 0],
		[342, "U8_17", 2006.89, 2699.3, "T", "SMD", "M2IN1", "", "O", 12.13, 52.13, 0, 0],
		[343, "U8_18", 1981.3, 2699.3, "T", "SMD", "GND", "GND", "O", 12.13, 52.13, 0, 0],
		[344, "U8_19", 1955.71, 2699.3, "T", "SMD", "VCC", "", "O", 12.13, 52.13, 0, 0],
		[345, "U8_20", 1930.11, 2699.3, "T", "SMD", "VCC", "", "O", 12.13, 52.13, 0, 0],
		[346, "U8_21", 1904.52, 2699.3, "T", "SMD", "M1IN1", "", "O", 12.13, 52.13, 0, 0],
		[347, "U8_22", 1878.93, 2699.3, "T", "SMD", "M1IN2", "", "O", 12.13, 52.13, 0, 0],
		[348, "U8_23", 1853.34, 2699.3, "T", "SMD", "M1PWM", "", "O", 12.13, 52.13, 0, 0],
		[349, "U8_24", 1827.75, 2699.3, "T", "SMD", "+5V", "", "O", 12.13, 52.13, 0, 0],
		[350, "U9_1", 2109.25, 5258.35, "T", "SMD", "$1N4434", "", "O", 12.13, 52.13, 0, 180],
		[351, "U9_2", 2083.66, 5258.35, "T", "SMD", "$1N4434", "", "O", 12.13, 52.13, 0, 180],
		[352, "U9_3", 2058.07, 5258.35, "T", "SMD", "GND", "GND", "O", 12.13, 52.13, 0, 180],
		[353, "U9_4", 2032.48, 5258.35, "T", "SMD", "GND", "GND", "O", 12.13, 52.13, 0, 180],
		[354, "U9_5", 2006.89, 5258.35, "T", "SMD", "$1N4451", "", "O", 12.13, 52.13, 0, 180],
		[355, "U9_6", 1981.29, 5258.35, "T", "SMD", "$1N4451", "", "O", 12.13, 52.13, 0, 180],
		[356, "U9_7", 1955.7, 5258.35, "T", "SMD", "$1N18675", "", "O", 12.13, 52.13, 0, 180],
		[357, "U9_8", 1930.11, 5258.35, "T", "SMD", "$1N18675", "", "O", 12.13, 52.13, 0, 180],
		[358, "U9_9", 1904.52, 5258.35, "T", "SMD", "GND", "GND", "O", 12.13, 52.13, 0, 180],
		[359, "U9_10", 1878.93, 5258.35, "T", "SMD", "GND", "GND", "O", 12.13, 52.13, 0, 180],
		[360, "U9_11", 1853.34, 5258.35, "T", "SMD", "$1N18693", "", "O", 12.13, 52.13, 0, 180],
		[361, "U9_12", 1827.75, 5258.35, "T", "SMD", "$1N18693", "", "O", 12.13, 52.13, 0, 180],
		[362, "U9_13", 1827.75, 4977.87, "T", "SMD", "+5V", "", "O", 12.13, 52.13, 0, 180],
		[363, "U9_14", 1853.34, 4977.87, "T", "SMD", "+5V", "", "O", 12.13, 52.13, 0, 180],
		[364, "U9_15", 1878.93, 4977.87, "T", "SMD", "M4PWM", "", "O", 12.13, 52.13, 0, 180],
		[365, "U9_16", 1904.52, 4977.87, "T", "SMD", "M4IN2", "", "O", 12.13, 52.13, 0, 180],
		[366, "U9_17", 1930.11, 4977.87, "T", "SMD", "M4IN1", "", "O", 12.13, 52.13, 0, 180],
		[367, "U9_18", 1955.7, 4977.87, "T", "SMD", "GND", "GND", "O", 12.13, 52.13, 0, 180],
		[368, "U9_19", 1981.29, 4977.87, "T", "SMD", "VCC", "", "O", 12.13, 52.13, 0, 180],
		[369, "U9_20", 2006.89, 4977.87, "T", "SMD", "VCC", "", "O", 12.13, 52.13, 0, 180],
		[370, "U9_21", 2032.48, 4977.87, "T", "SMD", "M3IN1", "", "O", 12.13, 52.13, 0, 180],
		[371, "U9_22", 2058.07, 4977.87, "T", "SMD", "M3IN2", "", "O", 12.13, 52.13, 0, 180],
		[372, "U9_23", 2083.66, 4977.87, "T", "SMD", "M3PWM", "", "O", 12.13, 52.13, 0, 180],
		[373, "U9_24", 2109.25, 4977.87, "T", "SMD", "+5V", "", "O", 12.13, 52.13, 0, 180],
		[374, "U10_1", 627.91, 2741.88, "T", "SMD", "$1N12792", "", "O", 23.62, 70.87, 0, 270],
		[375, "U10_2", 627.91, 2691.88, "T", "SMD", "VBAT+", "", "O", 23.62, 70.87, 0, 270],
		[376, "U10_3", 627.91, 2641.88, "T", "SMD", "$1N12807", "", "O", 23.62, 70.87, 0, 270],
		[377, "U10_4", 627.91, 2591.88, "T", "SMD", "GND", "GND", "O", 23.62, 70.87, 0, 270],
		[378, "U10_5", 846.21, 2591.88, "T", "SMD", "$1N14747", "", "O", 23.62, 70.87, 0, 270],
		[379, "U10_6", 846.21, 2641.88, "T", "SMD", "U10_6", "", "O", 23.62, 70.87, 0, 270],
		[380, "U10_7", 846.21, 2691.88, "T", "SMD", "VBAT+", "", "O", 23.62, 70.87, 0, 270],
		[381, "U10_8", 846.21, 2741.88, "T", "SMD", "U10_8", "", "O", 23.62, 70.87, 0, 270],
		[382, "U10_9", 737.06, 2666.88, "T", "SMD", "GND", "GND", "R", 122.05, 78.74, 0, 270],
		[383, "U11_1", 405, 2504.84, "T", "SMD", "$1N12807", "", "R", 55.12, 83.47, 0, 90],
		[384, "U11_2", 405, 2345.16, "T", "SMD", "+5V", "", "R", 55.12, 83.47, 0, 90],
		[385, "USB1_1", 2898.6, 2866.65, "T", "DIP", "+5V", "", "C", 66.93, 66.93, 43.31, 90],
		[386, "USB1_1", 2898.6, 2866.65, "B", "DIP", "+5V", "", "C", 66.93, 66.93, 43.31, 90],
		[387, "USB1_2", 2800.1, 2866.65, "T", "DIP", "USB1_2", "", "C", 66.93, 66.93, 43.31, 90],
		[388, "USB1_2", 2800.1, 2866.65, "B", "DIP", "USB1_2", "", "C", 66.93, 66.93, 43.31, 90],
		[389, "USB1_3", 2721.4, 2866.65, "T", "DIP", "USB1_3", "", "C", 66.93, 66.93, 43.31, 90],
		[390, "USB1_3", 2721.4, 2866.65, "B", "DIP", "USB1_3", "", "C", 66.93, 66.93, 43.31, 90],
		[391, "USB1_4", 2623, 2866.65, "T", "DIP", "GND", "GND", "C", 66.93, 66.93, 43.31, 90],
		[392, "USB1_4", 2623, 2866.65, "B", "DIP", "GND", "GND", "C", 66.93, 66.93, 43.31, 90],
		[393, "USR_BTN_1", 1485, 348.98, "T", "SMD", "GND", "GND", "R", 48.42, 53.54, 0, 90],
		[394, "USR_BTN_2", 1485, 521.02, "T", "SMD", "BTN", "", "R", 48.42, 53.54, 0, 90],
		[395, "VBAT+_1", 3002.3, 2303.61, "T", "DIP", "VBAT+", "", "R", 55.12, 55.12, 35.43, 0],
		[396, "VBAT+_1", 3002.3, 2303.61, "B", "DIP", "VBAT+", "", "R", 55.12, 55.12, 35.43, 0],
		[397, "X1_1", 2188.04, 3240.71, "T", "SMD", "OSCIN", "", "R", 55.12, 47.24, 0, 45],
		[398, "X1_2", 2249.29, 3301.96, "T", "SMD", "GND", "GND", "R", 55.12, 47.24, 0, 45],
		[399, "X1_3", 2201.96, 3349.29, "T", "SMD", "OSCOUT", "", "R", 55.12, 47.24, 0, 45],
		[400, "X1_4", 2140.71, 3288.04, "T", "SMD", "GND", "GND", "R", 55.12, 47.24, 0, 45],
		[401, "PAD1_1", 2235, 5385, "T", "SMD", "S1PWM", "", "C", 60, 60, 0, 0],
		[402, "PAD2_1", 1630, 5250, "B", "SMD", "PS1TRIG", "", "C", 60, 60, 0, 0],
		[403, "PAD3_1", 1560, 5162.78, "B", "SMD", "PS1ECHO", "", "C", 60, 60, 0, 0],
		[404, "PAD4_1", 253.85, 3188.85, "T", "SMD", "PS2TRIG", "", "C", 60, 60, 0, 0],
		[405, "PAD5_1", 1895, 4665, "B", "SMD", "M4IN1", "", "C", 60, 60, 0, 0],
		[406, "PAD6_1", 1845, 4433.89, "B", "SMD", "M4PWM", "", "C", 60, 60, 0, 0],
		[407, "PAD7_1", 1965, 4750, "B", "SMD", "M4IN2", "", "C", 60, 60, 0, 0],
		[408, "PAD8_1", 2110, 4620, "B", "SMD", "M3PWM", "", "C", 60, 60, 0, 0],
		[409, "PAD9_1", 2058.07, 4170.39, "B", "SMD", "M3IN2", "", "C", 60, 60, 0, 0],
		[410, "PAD10_1", 1675, 2815, "T", "SMD", "VCC", "", "C", 60, 60, 0, 0],
		[411, "PAD11_1", 1920.24, 2840.87, "T", "SMD", "M2PWM", "", "C", 60, 60, 0, 0],
		[412, "PAD12_1", 1755, 2731.63, "T", "SMD", "M1IN2", "", "C", 60, 60, 0, 0],
		[413, "PAD13_1", 1765, 3206.11, "B", "SMD", "M1PWM", "", "C", 60, 60, 0, 0],
		[414, "PAD14_1", 1925, 2806.11, "B", "SMD", "M2IN2", "", "C", 60, 60, 0, 0],
		[415, "PAD15_1", 1930, 2896.11, "B", "SMD", "M2IN1", "", "C", 60, 60, 0, 0],
		[416, "PAD16_1", 2205, 3541.11, "T", "SMD", "ABATT", "", "C", 60, 60, 0, 0],
		[417, "PAD17_1", 2415, 3731.11, "T", "SMD", "VBAT+", "", "C", 60, 60, 0, 0]
	]
}
}